step,time,size
1,0.00021,25
2,0.000227,16
3,0.000490 ,4 
