step,time,size
1,0.01971,606
2,0.028048,578
3,0.020977,565
4,0.001558,117
5,0.001451 ,116 
