step,time,size
1,1.051851,4480
2,0.782995,4405
3,0.813589,4367
4,0.711276,4351
5,0.784727,4341
6,0.045426 ,970 
