step,time,size
1,0.062802,1093
2,0.074779,1055
3,0.059329,1039
4,0.073143,1029
5,0.003076 ,202 
