step,time,size
1,0.433812,3417
2,0.449727,3353
3,0.458719,3322
4,0.445812,3311
5,0.430084,3305
6,0.098134 ,775 
