step,time,size
1,0.003303,530
2,0.005559,294
3,0.001415,187
4,0.00309,151
5,0.003273,96
6,0.001131,90
7,0.003057,71
8,0.002912,12
9,0.001035 ,8 
