step,time,size
1,0.001148,145
2,0.001037,109
3,0.001084,69
4,0.001001,50
5,0.000793 ,48 
